train_loss,epoch,step
0.9920157194137573,0,49
0.5954991579055786,0,99
0.6651378273963928,0,149
0.3402797281742096,0,199
0.5071989893913269,0,249
